seed,last_10_return_mean,best_return,final_return
42.0,-1620.34845,-213.01999999999992,-1833.8570000000007
123.0,-1432.18395,-314.14099999999996,-1585.3339999999994
999.0,-1223.7623,-292.21850000000023,-389.9669999999999
